<?xml version="1.0" encoding="UTF-8"?>
<project-private xmlns="http://www.netbeans.org/ns/project-private/1">
    <editor-bookmarks xmlns="http://www.netbeans.org/ns/editor-bookmarks/2" lastBookmarkId="0"/>
    <open-files xmlns="http://www.netbeans.org/ns/projectui-open-files/2">
        <group>
            <file>file:/C:/Users/itsan/OneDrive/Documents/NetBeansProjects/PR_UMG/src/Modelo/Conexion.java</file>
            <file>file:/C:/Users/itsan/OneDrive/Documents/NetBeansProjects/PR_UMG/src/Modelo/Cliente.java</file>
            <file>file:/C:/Users/itsan/OneDrive/Documents/NetBeansProjects/PR_UMG/src/Modelo/Empleado.java</file>
            <file>file:/C:/Users/itsan/OneDrive/Documents/NetBeansProjects/PR_UMG/src/vista/FRM_PERSONA.java</file>
            <file>file:/C:/Users/itsan/OneDrive/Documents/NetBeansProjects/PR_UMG/src/Modelo/Persona.java</file>
            <file>file:/C:/Users/itsan/OneDrive/Documents/NetBeansProjects/PR_UMG/src/Modelo/Puesto.java</file>
        </group>
    </open-files>
</project-private>
